,Patient ID,Patient age,Laterality,View,Acquisition date,File Name,ACR,Bi-Rads,full_name,prediction
0,removed,removed,R,CC,201001,22678622,4,1,22678622_61b13c59bcba149e_MG_R_CC_ANON.dcm,0.984983503818512
1,removed,removed,L,CC,201001,22678646,4,3,22678646_61b13c59bcba149e_MG_L_CC_ANON.dcm,0.928554117679596
2,removed,removed,R,MLO,201001,22678670,4,1,22678670_61b13c59bcba149e_MG_R_ML_ANON.dcm,0.9910886287689209
3,removed,removed,L,MLO,201001,22678694,4,3,22678694_61b13c59bcba149e_MG_L_ML_ANON.dcm,0.9441708922386169
4,removed,removed,R,CC,201001,22614074,2,5,22614074_6bd24a0a42c19ce1_MG_R_CC_ANON.dcm,0.4451015591621399
5,removed,removed,L,CC,201001,22614097,2,2,22614097_6bd24a0a42c19ce1_MG_L_CC_ANON.dcm,0.9517095685005188
6,removed,removed,R,MLO,201001,22614127,2,5,22614127_6bd24a0a42c19ce1_MG_R_ML_ANON.dcm,0.231521874666214
7,removed,removed,L,MLO,201001,22614150,2,2,22614150_6bd24a0a42c19ce1_MG_L_ML_ANON.dcm,0.9641647338867188
8,removed,removed,L,MLO,201001,50997434,3,2,50997434_97ec8cadfca70d32_MG_L_ML_ANON.dcm,0.9312925934791565
9,removed,removed,R,MLO,201001,50997461,3,4a,50997461_97ec8cadfca70d32_MG_R_ML_ANON.dcm,0.8693825602531433
10,removed,removed,L,CC,201001,50997488,3,2,50997488_97ec8cadfca70d32_MG_L_CC_ANON.dcm,0.9350634217262268
11,removed,removed,R,CC,201001,50997515,3,4a,50997515_97ec8cadfca70d32_MG_R_CC_ANON.dcm,0.9344711303710938
12,removed,removed,L,MLO,200801,24055445,1,4c,24055445_ac3185e18ffdc7b6_MG_L_ML_ANON.dcm,0.8512377738952637
13,removed,removed,R,MLO,200801,24055464,1,4c,24055464_ac3185e18ffdc7b6_MG_R_ML_ANON.dcm,0.7306265234947205
14,removed,removed,L,CC,200801,24055483,1,4c,24055483_ac3185e18ffdc7b6_MG_L_CC_ANON.dcm,0.06618885695934296
15,removed,removed,R,CC,200801,24055502,1,4c,24055502_ac3185e18ffdc7b6_MG_R_CC_ANON.dcm,0.7597752809524536
16,removed,removed,R,CC,201001,22580192,2,3,22580192_5530d5782fc89dd7_MG_R_CC_ANON.dcm,0.9950975775718689
17,removed,removed,L,CC,201001,22580218,2,1,22580218_5530d5782fc89dd7_MG_L_CC_ANON.dcm,0.9693743586540222
18,removed,removed,R,MLO,201001,22580244,2,3,22580244_5530d5782fc89dd7_MG_R_ML_ANON.dcm,0.986302375793457
19,removed,removed,L,MLO,201001,22580270,2,1,22580270_5530d5782fc89dd7_MG_L_ML_ANON.dcm,0.9704402685165405
20,removed,removed,R,CC,201001,50998032,3,2,50998032_66adfbb4f19c76d2_MG_R_CC_ANON.dcm,0.9705734252929688
21,removed,removed,L,MLO,201001,50998059,3,5,50998059_66adfbb4f19c76d2_MG_L_ML_ANON.dcm,0.04514818266034126
22,removed,removed,R,MLO,201001,50998086,3,2,50998086_66adfbb4f19c76d2_MG_R_ML_ANON.dcm,0.9859768152236938
23,removed,removed,L,CC,201001,50998113,3,5,50998113_66adfbb4f19c76d2_MG_L_CC_ANON.dcm,0.9572229385375977
24,removed,removed,L,MLO,201001,50997742,1,3,50997742_cbb6c98a81e69eeb_MG_L_ML_ANON.dcm,0.9551516771316528
25,removed,removed,R,MLO,201001,50997769,1,3,50997769_cbb6c98a81e69eeb_MG_R_ML_ANON.dcm,0.9851700663566589
26,removed,removed,L,CC,201001,50997796,1,3,50997796_cbb6c98a81e69eeb_MG_L_CC_ANON.dcm,0.9592723250389099
27,removed,removed,R,CC,201001,50997823,1,3,50997823_cbb6c98a81e69eeb_MG_R_CC_ANON.dcm,0.9926388263702393
28,removed,removed,R,CC,201001,22670620,1,2,22670620_e15a16f87b4f9782_MG_R_CC_ANON.dcm,0.008951311931014061
29,removed,removed,L,CC,201001,22670643,1,1,22670643_e15a16f87b4f9782_MG_L_CC_ANON.dcm,0.9433830976486206
30,removed,removed,R,MLO,201001,22670673,1,2,22670673_e15a16f87b4f9782_MG_R_ML_ANON.dcm,0.9773503541946411
31,removed,removed,L,MLO,201001,22670703,1,1,22670703_e15a16f87b4f9782_MG_L_ML_ANON.dcm,0.9389969110488892
32,removed,removed,L,MLO,201001,53581379,1,1,53581379_b231a8ba4dd4214f_MG_L_ML_ANON.dcm,0.967808187007904
33,removed,removed,R,MLO,201001,53581406,1,6,53581406_b231a8ba4dd4214f_MG_R_ML_ANON.dcm,0.34361931681632996
34,removed,removed,L,CC,201001,53581433,1,1,53581433_b231a8ba4dd4214f_MG_L_CC_ANON.dcm,0.9684325456619263
35,removed,removed,R,CC,201001,53581460,1,6,53581460_b231a8ba4dd4214f_MG_R_CC_ANON.dcm,0.9920145273208618
36,removed,removed,L,MLO,200802,24065833,3,2,24065833_c01f83a1eb283270_MG_L_ML_ANON.dcm,0.9317953586578369
37,removed,removed,R,MLO,200802,24065860,3,2,24065860_c01f83a1eb283270_MG_R_ML_ANON.dcm,0.9761940240859985
38,removed,removed,L,CC,200802,24065887,3,2,24065887_c01f83a1eb283270_MG_L_CC_ANON.dcm,0.9054391980171204
39,removed,removed,R,CC,200802,24065914,3,2,24065914_c01f83a1eb283270_MG_R_CC_ANON.dcm,0.992117702960968
40,removed,removed,L,MLO,200901,24055877,1,2,24055877_839819f2eadaf325_MG_L_ML_ANON.dcm,0.9368677735328674
41,removed,removed,R,MLO,200901,24055904,1,2,24055904_839819f2eadaf325_MG_R_ML_ANON.dcm,0.9618497490882874
42,removed,removed,L,CC,200901,24055931,1,2,24055931_839819f2eadaf325_MG_L_CC_ANON.dcm,0.9751527309417725
43,removed,removed,R,CC,200901,24055958,1,2,24055958_839819f2eadaf325_MG_R_CC_ANON.dcm,0.9782994985580444
44,removed,removed,L,MLO,201001,53587427,2,2,53587427_d2befe622e188943_MG_L_ML_ANON.dcm,0.9494609236717224
45,removed,removed,R,MLO,201001,53587454,2,2,53587454_d2befe622e188943_MG_R_ML_ANON.dcm,0.9861397743225098
46,removed,removed,L,CC,201001,53587481,2,2,53587481_d2befe622e188943_MG_L_CC_ANON.dcm,0.9557239413261414
47,removed,removed,R,CC,201001,53587508,2,2,53587508_d2befe622e188943_MG_R_CC_ANON.dcm,0.987838625907898
48,removed,removed,L,MLO,201001,51049462,2,2,51049462_6f64793857feb5d0_MG_L_ML_ANON.dcm,0.966736912727356
49,removed,removed,R,MLO,201001,51049489,2,2,51049489_6f64793857feb5d0_MG_R_ML_ANON.dcm,0.9469974040985107
50,removed,removed,L,CC,201001,51049516,2,2,51049516_6f64793857feb5d0_MG_L_CC_ANON.dcm,0.9240673184394836
51,removed,removed,R,CC,201001,51049543,2,2,51049543_6f64793857feb5d0_MG_R_CC_ANON.dcm,0.9669628739356995
52,removed,removed,L,MLO,200901,51049628,2,2,51049628_6f64793857feb5d0_MG_L_ML_ANON.dcm,0.9484193325042725
53,removed,removed,R,MLO,200901,51049655,2,2,51049655_6f64793857feb5d0_MG_R_ML_ANON.dcm,0.9552271366119385
54,removed,removed,L,CC,200901,51049682,2,2,51049682_6f64793857feb5d0_MG_L_CC_ANON.dcm,0.9350835084915161
55,removed,removed,R,CC,200901,51070197,2,2,51070197_6f64793857feb5d0_MG_R_CC_ANON.dcm,0.9616667032241821
56,removed,removed,L,MLO,201001,53580611,1,2,53580611_40e22f2e3215b954_MG_L_ML_ANON.dcm,0.9368487000465393
57,removed,removed,R,MLO,201001,53580638,1,3,53580638_40e22f2e3215b954_MG_R_ML_ANON.dcm,0.9680467247962952
58,removed,removed,L,CC,201001,53580665,1,2,53580665_40e22f2e3215b954_MG_L_CC_ANON.dcm,0.9433028101921082
59,removed,removed,R,CC,201001,53580692,1,3,53580692_40e22f2e3215b954_MG_R_CC_ANON.dcm,0.9946382641792297
60,removed,removed,L,MLO,201001,53586960,1,2,53586960_809e3f43339f93c6_MG_L_ML_ANON.dcm,0.8813486099243164
61,removed,removed,R,MLO,201001,53586987,1,2,53586987_809e3f43339f93c6_MG_R_ML_ANON.dcm,0.9834924936294556
62,removed,removed,L,CC,201001,53587014,1,2,53587014_809e3f43339f93c6_MG_L_CC_ANON.dcm,0.8840758800506592
63,removed,removed,R,CC,201001,53587041,1,2,53587041_809e3f43339f93c6_MG_R_CC_ANON.dcm,0.991986870765686
64,removed,removed,L,MLO,200902,51048891,3,2,51048891_f3e93e889a7746f0_MG_L_ML_ANON.dcm,0.944573163986206
65,removed,removed,R,MLO,200902,51048918,3,2,51048918_f3e93e889a7746f0_MG_R_ML_ANON.dcm,0.9648155570030212
66,removed,removed,L,CC,200902,51048945,3,2,51048945_f3e93e889a7746f0_MG_L_CC_ANON.dcm,0.9344227313995361
67,removed,removed,R,CC,200902,51048972,3,2,51048972_f3e93e889a7746f0_MG_R_CC_ANON.dcm,0.6753302812576294
68,removed,removed,R,CC,200901,20588458,2,2,20588458_bf1a6aaadb05e3df_MG_R_CC_ANON.dcm,0.9910791516304016
69,removed,removed,R,MLO,200901,20588510,2,2,20588510_bf1a6aaadb05e3df_MG_R_ML_ANON.dcm,0.9822667241096497
70,removed,removed,L,MLO,200901,20588536,2,5,20588536_bf1a6aaadb05e3df_MG_L_ML_ANON.dcm,0.39809995889663696
71,removed,removed,L,CC,200901,20588562,2,5,20588562_bf1a6aaadb05e3df_MG_L_CC_ANON.dcm,0.9229421019554138
72,removed,removed,R,CC,201001,22670809,1,4a,22670809_0b7396cdccacca82_MG_R_CC_ANON.dcm,0.9044479131698608
73,removed,removed,L,CC,201001,22670832,1,2,22670832_0b7396cdccacca82_MG_L_CC_ANON.dcm,0.9584215879440308
74,removed,removed,R,MLO,201001,22670855,1,5,22670855_0b7396cdccacca82_MG_R_ML_ANON.dcm,0.7377517223358154
75,removed,removed,L,MLO,201001,22670878,1,2,22670878_0b7396cdccacca82_MG_L_ML_ANON.dcm,0.9430634379386902
76,removed,removed,R,CC,200802,22678953,3,4a,22678953_b9a4da5f2dae63a9_MG_R_CC_ANON.dcm,0.9894296526908875
77,removed,removed,L,CC,200802,22678980,3,2,22678980_b9a4da5f2dae63a9_MG_L_CC_ANON.dcm,0.9348359107971191
78,removed,removed,R,MLO,200802,22679008,3,4a,22679008_b9a4da5f2dae63a9_MG_R_ML_ANON.dcm,0.9696292877197266
79,removed,removed,L,MLO,200802,22679036,3,2,22679036_b9a4da5f2dae63a9_MG_L_ML_ANON.dcm,0.9397429823875427
80,removed,removed,L,MLO,201001,50998413,1,2,50998413_1f139436acfc5467_MG_L_ML_ANON.dcm,0.9611625075340271
81,removed,removed,R,MLO,201001,50998440,1,2,50998440_1f139436acfc5467_MG_R_ML_ANON.dcm,0.9817309379577637
82,removed,removed,L,CC,201001,50998467,1,2,50998467_1f139436acfc5467_MG_L_CC_ANON.dcm,0.9412266612052917
83,removed,removed,R,CC,201001,50998494,1,2,50998494_1f139436acfc5467_MG_R_CC_ANON.dcm,0.9747812747955322
84,removed,removed,R,CC,200902,20587294,1,2,20587294_e634830794f5c1bd_MG_R_CC_ANON.dcm,0.9905497431755066
85,removed,removed,L,CC,200902,20587320,1,2,20587320_e634830794f5c1bd_MG_L_CC_ANON.dcm,0.9525272250175476
86,removed,removed,R,MLO,200902,20587346,1,2,20587346_e634830794f5c1bd_MG_R_ML_ANON.dcm,0.9728993773460388
87,removed,removed,L,MLO,200902,20587372,1,2,20587372_e634830794f5c1bd_MG_L_ML_ANON.dcm,0.9418485760688782
88,removed,removed,L,CC,200902,20587466,4,2,20587466_d571b5880ad2a016_MG_L_CC_ANON.dcm,0.9136407375335693
89,removed,removed,R,MLO,200902,20587492,4,2,20587492_d571b5880ad2a016_MG_R_ML_ANON.dcm,0.9920551180839539
90,removed,removed,L,MLO,200902,20587518,4,2,20587518_d571b5880ad2a016_MG_L_ML_ANON.dcm,0.9246814250946045
91,removed,removed,R,CC,200902,20587544,4,2,20587544_d571b5880ad2a016_MG_R_CC_ANON.dcm,0.9774832725524902
92,removed,removed,L,MLO,201001,50996201,4,2,50996201_8c1b2bd64ca4d778_MG_L_ML_ANON.dcm,0.9543390870094299
93,removed,removed,L,CC,201001,50996228,4,2,50996228_8c1b2bd64ca4d778_MG_L_CC_ANON.dcm,0.9404811859130859
94,removed,removed,L,MLO,201001,50993787,3,2,50993787_de5e8d61e501a71b_MG_L_ML_ANON.dcm,0.9982894062995911
95,removed,removed,R,MLO,201001,50993814,3,2,50993814_de5e8d61e501a71b_MG_R_ML_ANON.dcm,0.9964002370834351
96,removed,removed,L,CC,201001,50993841,3,2,50993841_de5e8d61e501a71b_MG_L_CC_ANON.dcm,0.9931437969207764
97,removed,removed,R,CC,201001,50993868,3,2,50993868_de5e8d61e501a71b_MG_R_CC_ANON.dcm,0.996752917766571
98,removed,removed,L,MLO,200802,50993895,3,2,50993895_de5e8d61e501a71b_MG_L_ML_ANON.dcm,0.9951015114784241
99,removed,removed,R,MLO,200802,50993922,3,2,50993922_de5e8d61e501a71b_MG_R_ML_ANON.dcm,0.9781932830810547
100,removed,removed,L,CC,200802,50993949,3,2,50993949_de5e8d61e501a71b_MG_L_CC_ANON.dcm,0.9902468919754028
101,removed,removed,R,CC,200802,50993976,3,2,50993976_de5e8d61e501a71b_MG_R_CC_ANON.dcm,0.9982682466506958
102,removed,removed,R,CC,200901,22614353,1,2,22614353_d065adcb9905b973_MG_R_CC_ANON.dcm,0.9902787804603577
103,removed,removed,L,CC,200901,22614379,1,5,22614379_d065adcb9905b973_MG_L_CC_ANON.dcm,0.05580327659845352
104,removed,removed,R,MLO,200901,22614405,1,2,22614405_d065adcb9905b973_MG_R_ML_ANON.dcm,0.9788901805877686
105,removed,removed,L,MLO,200901,22614431,1,5,22614431_d065adcb9905b973_MG_L_ML_ANON.dcm,0.9282023310661316
106,removed,removed,L,MLO,201001,53587572,2,2,53587572_11e6732579acf692_MG_L_ML_ANON.dcm,0.8922562599182129
107,removed,removed,L,CC,201001,53587599,2,2,53587599_11e6732579acf692_MG_L_CC_ANON.dcm,0.8226792216300964
108,removed,removed,L,MLO,201001,50996800,2,2,50996800_fdf4a1516f88b280_MG_L_ML_ANON.dcm,0.9397304058074951
109,removed,removed,R,MLO,201001,50996827,2,2,50996827_fdf4a1516f88b280_MG_R_ML_ANON.dcm,0.9648284316062927
110,removed,removed,L,CC,201001,50996854,2,2,50996854_fdf4a1516f88b280_MG_L_CC_ANON.dcm,0.9518557786941528
111,removed,removed,R,CC,201001,50996881,2,2,50996881_fdf4a1516f88b280_MG_R_CC_ANON.dcm,0.9843770265579224
112,removed,removed,L,MLO,201001,50993399,3,2,50993399_5d85ecc9cf26b254_MG_L_ML_ANON.dcm,0.9653028249740601
113,removed,removed,L,CC,201001,50993426,3,2,50993426_5d85ecc9cf26b254_MG_L_CC_ANON.dcm,0.9694854021072388
114,removed,removed,R,CC,201001,27829134,1,5,27829134_fbb55bf7fff48540_MG_R_CC_ANON.dcm,0.002518082968890667
115,removed,removed,L,CC,201001,27829161,1,1,27829161_fbb55bf7fff48540_MG_L_CC_ANON.dcm,0.9456385374069214
116,removed,removed,R,MLO,201001,27829188,1,5,27829188_fbb55bf7fff48540_MG_R_ML_ANON.dcm,0.9505933523178101
117,removed,removed,L,MLO,201001,27829215,1,1,27829215_fbb55bf7fff48540_MG_L_ML_ANON.dcm,0.9367409348487854
118,removed,removed,L,MLO,201001,50997223,4,2,50997223_9054942f7be52dd9_MG_L_ML_ANON.dcm,0.9402078986167908
119,removed,removed,R,MLO,201001,50997250,4,2,50997250_9054942f7be52dd9_MG_R_ML_ANON.dcm,0.9863852858543396
120,removed,removed,L,CC,201001,50997277,4,2,50997277_9054942f7be52dd9_MG_L_CC_ANON.dcm,0.9250818490982056
121,removed,removed,R,CC,201001,50997304,4,2,50997304_9054942f7be52dd9_MG_R_CC_ANON.dcm,0.979699432849884
122,removed,removed,R,CC,201001,22670442,2,1,22670442_7e677f3d530e41ed_MG_R_CC_ANON.dcm,0.9877104163169861
123,removed,removed,L,CC,201001,22670465,2,5,22670465_7e677f3d530e41ed_MG_L_CC_ANON.dcm,5.031328652316258e-12
124,removed,removed,R,MLO,201001,22670488,2,1,22670488_7e677f3d530e41ed_MG_R_ML_ANON.dcm,0.9862117767333984
125,removed,removed,L,MLO,201001,22670511,2,5,22670511_7e677f3d530e41ed_MG_L_ML_ANON.dcm,1.8034822767132308e-12
126,removed,removed,L,MLO,201001,53581769,2,1,53581769_573747ee33ef6e5a_MG_L_ML_ANON.dcm,0.9679609537124634
127,removed,removed,L,CC,201001,53581796,2,1,53581796_573747ee33ef6e5a_MG_L_CC_ANON.dcm,0.9473438858985901
128,removed,removed,L,MLO,200901,24065530,4,4c,24065530_d8205a09c8173f44_MG_L_ML_ANON.dcm,0.09193988144397736
129,removed,removed,R,MLO,200901,24065557,4,2,24065557_d8205a09c8173f44_MG_R_ML_ANON.dcm,0.9865401387214661
130,removed,removed,L,CC,200901,24065584,4,4c,24065584_d8205a09c8173f44_MG_L_CC_ANON.dcm,0.870988130569458
131,removed,removed,R,CC,200901,24065611,4,2,24065611_d8205a09c8173f44_MG_R_CC_ANON.dcm,0.991605281829834
132,removed,removed,L,MLO,201001,53587104,1,2,53587104_7b71aa9928e6975e_MG_L_ML_ANON.dcm,0.949526309967041
133,removed,removed,L,CC,201001,53587131,1,2,53587131_7b71aa9928e6975e_MG_L_CC_ANON.dcm,0.9714799523353577
134,removed,removed,R,CC,201001,30011484,1,2,30011484_349323117bf0fd93_MG_R_CC_ANON.dcm,0.9878196716308594
135,removed,removed,L,CC,201001,30011507,1,4c,30011507_349323117bf0fd93_MG_L_CC_ANON.dcm,0.009511060081422329
136,removed,removed,R,MLO,201001,30011530,1,2,30011530_349323117bf0fd93_MG_R_ML_ANON.dcm,0.982193112373352
137,removed,removed,L,MLO,201001,30011553,1,4c,30011553_349323117bf0fd93_MG_L_ML_ANON.dcm,0.6179690957069397
138,removed,removed,L,MLO,200901,24055573,3,2,24055573_6f1aef40b3775182_MG_L_ML_ANON.dcm,0.9210297465324402
139,removed,removed,R,MLO,200901,24055600,3,4c,24055600_6f1aef40b3775182_MG_R_ML_ANON.dcm,0.0554804764688015
140,removed,removed,L,CC,200901,24055627,3,2,24055627_6f1aef40b3775182_MG_L_CC_ANON.dcm,0.9529209733009338
141,removed,removed,R,CC,200901,24055654,3,4c,24055654_6f1aef40b3775182_MG_R_CC_ANON.dcm,2.3788970793248154e-10
142,removed,removed,L,MLO,200802,24065680,1,2,24065680_5291e1aee2bbf5df_MG_L_ML_ANON.dcm,0.9237360954284668
143,removed,removed,R,MLO,200802,24065707,1,5,24065707_5291e1aee2bbf5df_MG_R_ML_ANON.dcm,0.92808598279953
144,removed,removed,L,CC,200802,24065734,1,2,24065734_5291e1aee2bbf5df_MG_L_CC_ANON.dcm,0.9343629479408264
145,removed,removed,R,CC,200802,24065761,1,5,24065761_5291e1aee2bbf5df_MG_R_CC_ANON.dcm,0.002480248687788844
146,removed,removed,L,MLO,200902,50999432,1,5,50999432_f62fbf38fb208316_MG_L_ML_ANON.dcm,0.0018946797354146838
147,removed,removed,L,CC,200902,50999459,1,5,50999459_f62fbf38fb208316_MG_L_CC_ANON.dcm,5.3606463268351945e-08
148,removed,removed,R,MLO,200902,51048738,3,3,51048738_3f22cdda8da215e3_MG_R_ML_ANON.dcm,0.9837343692779541
149,removed,removed,R,CC,200902,51048765,3,3,51048765_3f22cdda8da215e3_MG_R_CC_ANON.dcm,0.9808651804924011
150,removed,removed,L,MLO,201001,50998177,3,2,50998177_f34ee0ab6591b792_MG_L_ML_ANON.dcm,0.9513946175575256
151,removed,removed,R,MLO,201001,50998204,3,2,50998204_f34ee0ab6591b792_MG_R_ML_ANON.dcm,0.9558641314506531
152,removed,removed,L,CC,201001,50998231,3,2,50998231_f34ee0ab6591b792_MG_L_CC_ANON.dcm,0.946617603302002
153,removed,removed,R,CC,201001,50998258,3,2,50998258_f34ee0ab6591b792_MG_R_CC_ANON.dcm,0.9831898212432861
154,removed,removed,L,MLO,200902,20588308,4,3,20588308_493155e17143edef_MG_L_ML_ANON.dcm,0.9805593490600586
155,removed,removed,L,CC,200902,20588334,4,3,20588334_493155e17143edef_MG_L_CC_ANON.dcm,0.9319778680801392
156,removed,removed,R,CC,201001,22678787,3,2,22678787_64a22c47765f0c5c_MG_R_CC_ANON.dcm,0.9832995533943176
157,removed,removed,L,CC,201001,22678810,3,2,22678810_64a22c47765f0c5c_MG_L_CC_ANON.dcm,0.8295505046844482
158,removed,removed,R,MLO,201001,22678833,3,2,22678833_64a22c47765f0c5c_MG_R_ML_ANON.dcm,0.9843947887420654
159,removed,removed,L,MLO,201001,22678856,3,2,22678856_64a22c47765f0c5c_MG_L_ML_ANON.dcm,0.7473583817481995
160,removed,removed,R,CC,200901,22580341,3,2,22580341_5eae9beae14d26fd_MG_R_CC_ANON.dcm,0.9914731979370117
161,removed,removed,L,CC,200901,22580367,3,2,22580367_5eae9beae14d26fd_MG_L_CC_ANON.dcm,0.9730541110038757
162,removed,removed,R,MLO,200901,22580393,3,2,22580393_5eae9beae14d26fd_MG_R_ML_ANON.dcm,0.989589512348175
163,removed,removed,L,MLO,200901,22580419,3,2,22580419_5eae9beae14d26fd_MG_L_ML_ANON.dcm,0.9634872078895569
164,removed,removed,L,MLO,200901,24055149,3,5,24055149_606e9b184978a350_MG_L_ML_ANON.dcm,1.2357782948801879e-14
165,removed,removed,R,MLO,200901,24055176,3,2,24055176_606e9b184978a350_MG_R_ML_ANON.dcm,0.9845048189163208
166,removed,removed,L,CC,200901,24055203,3,5,24055203_606e9b184978a350_MG_L_CC_ANON.dcm,2.404943302281026e-07
167,removed,removed,R,CC,200902,20587994,3,6,20587994_024ee3569b2605dc_MG_R_CC_ANON.dcm,0.3553782105445862
168,removed,removed,L,CC,200902,20588020,3,2,20588020_024ee3569b2605dc_MG_L_CC_ANON.dcm,0.9742020964622498
169,removed,removed,R,MLO,200902,20588046,3,6,20588046_024ee3569b2605dc_MG_R_ML_ANON.dcm,0.001539795659482479
170,removed,removed,L,MLO,200902,20588072,3,2,20588072_024ee3569b2605dc_MG_L_ML_ANON.dcm,0.966064453125
171,removed,removed,R,CC,200902,26933772,3,2,26933772_f8bfddc28e8045c0_MG_R_CC_ANON.dcm,0.9793922305107117
172,removed,removed,L,CC,200902,26933801,3,4b,26933801_f8bfddc28e8045c0_MG_L_CC_ANON.dcm,2.441634876504395e-07
173,removed,removed,R,MLO,200902,26933830,3,2,26933830_f8bfddc28e8045c0_MG_R_ML_ANON.dcm,0.9671301245689392
174,removed,removed,L,MLO,200902,26933859,3,4b,26933859_f8bfddc28e8045c0_MG_L_ML_ANON.dcm,0.0063650053925812244
175,removed,removed,R,MLO,200902,50995762,1,2,50995762_0c735e8768d276b4_MG_R_ML_ANON.dcm,0.9924684166908264
176,removed,removed,R,CC,200902,50995789,1,2,50995789_0c735e8768d276b4_MG_R_CC_ANON.dcm,0.9907207489013672
177,removed,removed,R,CC,201001,22670278,1,4c,22670278_98429c0bdf78c0c7_MG_R_CC_ANON.dcm,9.693018000689335e-06
178,removed,removed,L,CC,201001,22670301,1,2,22670301_98429c0bdf78c0c7_MG_L_CC_ANON.dcm,0.9645909667015076
179,removed,removed,R,MLO,201001,22670324,1,4c,22670324_98429c0bdf78c0c7_MG_R_ML_ANON.dcm,0.11843818426132202
180,removed,removed,L,MLO,201001,22670347,1,2,22670347_98429c0bdf78c0c7_MG_L_ML_ANON.dcm,0.9613668918609619
181,removed,removed,R,MLO,201001,53582540,                                                                                                                                                                                                 ,1,53582540_3e73f1c0670cfb0a_MG_R_ML_ANON.dcm,0.9853866100311279
182,removed,removed,R,CC,201001,53582567,2,1,53582567_3e73f1c0670cfb0a_MG_R_CC_ANON.dcm,0.9866344928741455
183,removed,removed,R,CC,201001,22427682,2,2,22427682_d713ef5849f98b6c_MG_R_CC_ANON.dcm,0.9894941449165344
184,removed,removed,L,CC,201001,22427705,2,5,22427705_d713ef5849f98b6c_MG_L_CC_ANON.dcm,1.4181406186253298e-05
185,removed,removed,R,MLO,201001,22427728,2,2,22427728_d713ef5849f98b6c_MG_R_ML_ANON.dcm,0.9713107943534851
186,removed,removed,L,MLO,201001,22427751,2,5,22427751_d713ef5849f98b6c_MG_L_ML_ANON.dcm,0.05281518027186394
187,removed,removed,R,CC,201001,22613624,2,2,22613624_dcafa6ba6374ec07_MG_R_CC_ANON.dcm,0.9787377119064331
188,removed,removed,L,CC,201001,22613650,2,6,22613650_dcafa6ba6374ec07_MG_L_CC_ANON.dcm,2.7092423859897963e-09
189,removed,removed,R,MLO,201001,22613676,2,2,22613676_dcafa6ba6374ec07_MG_R_ML_ANON.dcm,0.9541354179382324
190,removed,removed,L,MLO,201001,22613702,2,6,22613702_dcafa6ba6374ec07_MG_L_ML_ANON.dcm,5.531749537601716e-12
191,removed,removed,L,MLO,200901,24055274,2,5,24055274_1e10aef17c9fe149_MG_L_ML_ANON.dcm,4.495610028243391e-06
192,removed,removed,R,MLO,200901,24055328,2,3,24055328_1e10aef17c9fe149_MG_R_ML_ANON.dcm,0.9444739818572998
193,removed,removed,L,CC,200901,24055355,2,5,24055355_1e10aef17c9fe149_MG_L_CC_ANON.dcm,8.618719626873883e-11
194,removed,removed,R,CC,200901,24055382,2,3,24055382_1e10aef17c9fe149_MG_R_CC_ANON.dcm,0.9948887228965759
195,removed,removed,L,MLO,201001,53586361,1,1,53586361_dda3c6969a34ff8e_MG_L_ML_ANON.dcm,0.9573513269424438
196,removed,removed,R,MLO,201001,53586388,1,1,53586388_dda3c6969a34ff8e_MG_R_ML_ANON.dcm,0.987866997718811
197,removed,removed,L,CC,201001,53586415,1,1,53586415_dda3c6969a34ff8e_MG_L_CC_ANON.dcm,0.9385625123977661
198,removed,removed,R,CC,201001,53586442,1,1,53586442_dda3c6969a34ff8e_MG_R_CC_ANON.dcm,0.9847733974456787
199,removed,removed,R,CC,200901,30011647,1,2,30011647_6968748e66837bc7_MG_R_CC_ANON.dcm,0.980103611946106
200,removed,removed,L,CC,200901,30011674,1,5,30011674_6968748e66837bc7_MG_L_CC_ANON.dcm,0.910841703414917
201,removed,removed,R,MLO,200901,30011700,1,2,30011700_6968748e66837bc7_MG_R_ML_ANON.dcm,0.8090046644210815
202,removed,removed,L,MLO,200901,30011727,1,5,30011727_6968748e66837bc7_MG_L_ML_ANON.dcm,0.5093919038772583
203,removed,removed,L,MLO,201001,53581860,2,1,53581860_21e6cc12630e5e9f_MG_L_ML_ANON.dcm,0.9117140173912048
204,removed,removed,R,MLO,201001,53581887,2,2,53581887_21e6cc12630e5e9f_MG_R_ML_ANON.dcm,0.9750544428825378
205,removed,removed,L,CC,201001,53581914,2,1,53581914_21e6cc12630e5e9f_MG_L_CC_ANON.dcm,0.923652172088623
206,removed,removed,R,CC,201001,53581941,2,2,53581941_21e6cc12630e5e9f_MG_R_CC_ANON.dcm,0.9901806116104126
207,removed,removed,R,MLO,200902,20588138,2,1,20588138_8d0b9620c53c0268_MG_R_ML_ANON.dcm,0.9945502877235413
208,removed,removed,R,CC,200902,20588164,2,1,20588164_8d0b9620c53c0268_MG_R_CC_ANON.dcm,0.9947540760040283
209,removed,removed,L,CC,200902,20588190,2,4b,20588190_8d0b9620c53c0268_MG_L_CC_ANON.dcm,0.006176846567541361
210,removed,removed,L,MLO,200902,20588216,2,4b,20588216_8d0b9620c53c0268_MG_L_ML_ANON.dcm,0.14861106872558594
211,removed,removed,L,MLO,201001,50996945,1,2,50996945_ce5e5e18a261cd29_MG_L_ML_ANON.dcm,0.9380863308906555
212,removed,removed,R,MLO,201001,50996972,1,2,50996972_ce5e5e18a261cd29_MG_R_ML_ANON.dcm,0.9593366980552673
213,removed,removed,L,CC,201001,50996999,1,2,50996999_ce5e5e18a261cd29_MG_L_CC_ANON.dcm,0.9520450830459595
214,removed,removed,R,CC,201001,50997026,1,2,50997026_ce5e5e18a261cd29_MG_R_CC_ANON.dcm,0.90993332862854
215,removed,removed,L,CC,200901,50997053,1,1,50997053_ce5e5e18a261cd29_MG_L_CC_ANON.dcm,0.9685345888137817
216,removed,removed,L,MLO,200901,50997080,1,1,50997080_ce5e5e18a261cd29_MG_L_ML_ANON.dcm,0.9679600596427917
217,removed,removed,R,MLO,200901,50997107,1,2,50997107_ce5e5e18a261cd29_MG_R_ML_ANON.dcm,0.9909495711326599
218,removed,removed,R,CC,200901,50997134,1,2,50997134_ce5e5e18a261cd29_MG_R_CC_ANON.dcm,0.9917259216308594
219,removed,removed,L,CC,200902,20587758,3,3,20587758_81cd83d2f4d78528_MG_L_CC_ANON.dcm,0.9573569893836975
220,removed,removed,R,MLO,200902,20587784,3,3,20587784_81cd83d2f4d78528_MG_R_ML_ANON.dcm,0.992397129535675
221,removed,removed,L,MLO,200902,20587810,3,3,20587810_81cd83d2f4d78528_MG_L_ML_ANON.dcm,0.9643139839172363
222,removed,removed,R,CC,200902,20587836,3,3,20587836_81cd83d2f4d78528_MG_R_CC_ANON.dcm,0.9954372048377991
223,removed,removed,L,MLO,201001,50996056,1,2,50996056_71c1a60d57c5322f_MG_L_ML_ANON.dcm,0.9476742744445801
224,removed,removed,R,MLO,201001,50996083,1,2,50996083_71c1a60d57c5322f_MG_R_ML_ANON.dcm,0.9847474098205566
225,removed,removed,L,CC,201001,50996110,1,2,50996110_71c1a60d57c5322f_MG_L_CC_ANON.dcm,0.9502177834510803
226,removed,removed,R,CC,201001,50996137,1,2,50996137_71c1a60d57c5322f_MG_R_CC_ANON.dcm,0.987500011920929
227,removed,removed,L,MLO,201001,53582395,1,1,53582395_3f0db31711fc9795_MG_L_ML_ANON.dcm,0.9617219567298889
228,removed,removed,R,MLO,201001,53582422,1,2,53582422_3f0db31711fc9795_MG_R_ML_ANON.dcm,0.9841740131378174
229,removed,removed,L,CC,201001,53582449,1,1,53582449_3f0db31711fc9795_MG_L_CC_ANON.dcm,0.9568181037902832
230,removed,removed,R,CC,201001,53582476,1,2,53582476_3f0db31711fc9795_MG_R_CC_ANON.dcm,0.9783667922019958
231,removed,removed,L,MLO,200902,50999094,2,2,50999094_cb65e8dac169f596_MG_L_ML_ANON.dcm,0.9520015120506287
232,removed,removed,R,MLO,200902,50999121,2,1,50999121_cb65e8dac169f596_MG_R_ML_ANON.dcm,0.9932875037193298
233,removed,removed,L,CC,200902,50999148,2,2,50999148_cb65e8dac169f596_MG_L_CC_ANON.dcm,0.9721026420593262
234,removed,removed,R,CC,200902,50999175,2,1,50999175_cb65e8dac169f596_MG_R_CC_ANON.dcm,0.9947555065155029
235,removed,removed,L,MLO,200901,50999246,2,2,50999246_cb65e8dac169f596_MG_L_ML_ANON.dcm,0.9582058191299438
236,removed,removed,R,MLO,200901,50999273,2,1,50999273_cb65e8dac169f596_MG_R_ML_ANON.dcm,0.992672324180603
237,removed,removed,L,CC,200901,50999300,2,2,50999300_cb65e8dac169f596_MG_L_CC_ANON.dcm,0.9616435170173645
238,removed,removed,R,CC,200901,50999327,2,1,50999327_cb65e8dac169f596_MG_R_CC_ANON.dcm,0.9960164427757263
239,removed,removed,R,MLO,201001,50994535,2,2,50994535_de4c34099d6ef8de_MG_R_ML_ANON.dcm,0.9888280630111694
240,removed,removed,R,CC,201001,50994562,2,2,50994562_de4c34099d6ef8de_MG_R_CC_ANON.dcm,0.9871087670326233
241,removed,removed,R,MLO,200901,50994589,2,2,50994589_de4c34099d6ef8de_MG_R_ML_ANON.dcm,0.9579606056213379
242,removed,removed,R,CC,200901,50994616,2,2,50994616_de4c34099d6ef8de_MG_R_CC_ANON.dcm,0.9934804439544678
243,removed,removed,R,CC,201001,22427840,2,5,22427840_bbd6a3a35438c11b_MG_R_CC_ANON.dcm,1.5552691934317409e-07
244,removed,removed,L,CC,201001,22427864,2,2,22427864_bbd6a3a35438c11b_MG_L_CC_ANON.dcm,0.9611747860908508
245,removed,removed,R,MLO,201001,22579730,2,5,22579730_bbd6a3a35438c11b_MG_R_ML_ANON.dcm,9.340585194195228e-08
246,removed,removed,L,MLO,201001,22579754,2,2,22579754_bbd6a3a35438c11b_MG_L_ML_ANON.dcm,0.9526104927062988
247,removed,removed,R,CC,200901,30011798,2,2,30011798_4f20c1285d8f0b1f_MG_R_CC_ANON.dcm,0.9944069385528564
248,removed,removed,L,CC,200901,30011824,2,4b,30011824_4f20c1285d8f0b1f_MG_L_CC_ANON.dcm,0.1448497176170349
249,removed,removed,R,MLO,200901,30011850,2,2,30011850_4f20c1285d8f0b1f_MG_R_ML_ANON.dcm,0.9810158014297485
250,removed,removed,L,MLO,200901,30318067,2,4b,30318067_4f20c1285d8f0b1f_MG_L_ML_ANON.dcm,0.4164259433746338
251,removed,removed,R,MLO,201001,50996709,2,2,50996709_330e5fe16929eed4_MG_R_ML_ANON.dcm,0.966109037399292
252,removed,removed,R,CC,201001,50996736,2,2,50996736_330e5fe16929eed4_MG_R_CC_ANON.dcm,0.9797875881195068
253,removed,removed,L,MLO,200902,51049053,3,2,51049053_8c105bb715bf1c3c_MG_L_ML_ANON.dcm,0.9535502195358276
254,removed,removed,R,MLO,200902,51049080,3,2,51049080_8c105bb715bf1c3c_MG_R_ML_ANON.dcm,0.9646680951118469
255,removed,removed,L,CC,200902,51049107,3,2,51049107_8c105bb715bf1c3c_MG_L_CC_ANON.dcm,0.9630652070045471
256,removed,removed,R,CC,200902,51049134,3,2,51049134_8c105bb715bf1c3c_MG_R_CC_ANON.dcm,0.9801866412162781
257,removed,removed,L,CC,201001,22614236,2,5,22614236_1e5c3af078f74b05_MG_L_CC_ANON.dcm,0.0002696269366424531
258,removed,removed,L,MLO,201001,22614266,2,5,22614266_1e5c3af078f74b05_MG_L_ML_ANON.dcm,0.8910723924636841
259,removed,removed,R,CC,201001,50994706,3,1,50994706_069212ec65a94339_MG_R_CC_ANON.dcm,0.9777610301971436
260,removed,removed,L,MLO,201001,50994733,3,1,50994733_069212ec65a94339_MG_L_ML_ANON.dcm,0.9576879143714905
261,removed,removed,R,MLO,201001,50994760,3,1,50994760_069212ec65a94339_MG_R_ML_ANON.dcm,0.9889106750488281
262,removed,removed,L,CC,201001,50994787,3,1,50994787_069212ec65a94339_MG_L_CC_ANON.dcm,0.9377318620681763
263,removed,removed,L,MLO,200901,50994814,3,1,50994814_069212ec65a94339_MG_L_ML_ANON.dcm,0.9341517686843872
264,removed,removed,R,MLO,200901,50994841,3,4c,50994841_069212ec65a94339_MG_R_ML_ANON.dcm,0.38823848962783813
265,removed,removed,L,CC,200901,50994868,3,1,50994868_069212ec65a94339_MG_L_CC_ANON.dcm,0.9333153963088989
266,removed,removed,R,CC,200901,50994895,3,4c,50994895_069212ec65a94339_MG_R_CC_ANON.dcm,0.40802350640296936
267,removed,removed,L,MLO,201001,53586724,1,2,53586724_e5f3f68b9ce31228_MG_L_ML_ANON.dcm,0.9593790769577026
268,removed,removed,R,MLO,201001,53586751,1,2,53586751_e5f3f68b9ce31228_MG_R_ML_ANON.dcm,0.9523928761482239
269,removed,removed,L,CC,201001,53586778,1,2,53586778_e5f3f68b9ce31228_MG_L_CC_ANON.dcm,0.9548118114471436
270,removed,removed,R,CC,201001,53586805,1,2,53586805_e5f3f68b9ce31228_MG_R_CC_ANON.dcm,0.966323971748352
271,removed,removed,R,CC,201001,22614499,3,2,22614499_2dec4948fbe6336d_MG_R_CC_ANON.dcm,0.9881388545036316
272,removed,removed,L,CC,201001,22614522,3,4a,22614522_2dec4948fbe6336d_MG_L_CC_ANON.dcm,0.11897002160549164
273,removed,removed,R,MLO,201001,22614545,3,2,22614545_2dec4948fbe6336d_MG_R_ML_ANON.dcm,0.9834492802619934
274,removed,removed,L,MLO,201001,22614568,3,4a,22614568_2dec4948fbe6336d_MG_L_ML_ANON.dcm,0.9722713232040405
275,removed,removed,L,CC,201001,51049249,2,2,51049249_832ebce700241036_MG_L_CC_ANON.dcm,0.951563835144043
276,removed,removed,L,MLO,201001,51049276,2,2,51049276_832ebce700241036_MG_L_ML_ANON.dcm,0.9335043430328369
277,removed,removed,R,CC,200902,24058660,1,2,24058660_9e8db9e34d5275ef_MG_R_CC_ANON.dcm,0.9817246198654175
278,removed,removed,L,CC,200902,24058686,1,4a,24058686_9e8db9e34d5275ef_MG_L_CC_ANON.dcm,0.8078781962394714
279,removed,removed,R,MLO,200902,24058712,1,2,24058712_9e8db9e34d5275ef_MG_R_ML_ANON.dcm,0.9663025736808777
280,removed,removed,L,MLO,200902,24058738,1,4a,24058738_9e8db9e34d5275ef_MG_L_ML_ANON.dcm,0.6783441305160522
281,removed,removed,R,CC,201001,22613918,2,4a,22613918_f23fa352e7de3dc7_MG_R_CC_ANON.dcm,0.9893502593040466
282,removed,removed,L,CC,201001,22613944,2,1,22613944_f23fa352e7de3dc7_MG_L_CC_ANON.dcm,0.9504721760749817
283,removed,removed,R,MLO,201001,22613970,2,4a,22613970_f23fa352e7de3dc7_MG_R_ML_ANON.dcm,0.9728803038597107
284,removed,removed,L,MLO,201001,22613996,2,1,22613996_f23fa352e7de3dc7_MG_L_ML_ANON.dcm,0.9583776593208313
285,removed,removed,L,MLO,201001,53580804,2,5,53580804_51bec6477a7898b9_MG_L_ML_ANON.dcm,0.07959243655204773
286,removed,removed,R,MLO,201001,53580831,2,2,53580831_51bec6477a7898b9_MG_R_ML_ANON.dcm,0.9886853694915771
287,removed,removed,L,CC,201001,53580858,2,5,53580858_51bec6477a7898b9_MG_L_CC_ANON.dcm,0.00012887422053609043
288,removed,removed,R,CC,201001,53580885,2,2,53580885_51bec6477a7898b9_MG_R_CC_ANON.dcm,0.9925268888473511
289,removed,removed,R,CC,200902,20587612,1,5,20587612_f4b2d377f43ba0bd_MG_R_CC_ANON.dcm,1.6998170337956253e-07
290,removed,removed,L,CC,200902,20587638,1,2,20587638_f4b2d377f43ba0bd_MG_L_CC_ANON.dcm,0.9468187689781189
291,removed,removed,R,MLO,200902,20587664,1,5,20587664_f4b2d377f43ba0bd_MG_R_ML_ANON.dcm,6.732738597747812e-07
292,removed,removed,L,MLO,200902,20587690,1,2,20587690_f4b2d377f43ba0bd_MG_L_ML_ANON.dcm,0.9439854621887207
293,removed,removed,L,MLO,200901,24065380,2,2,24065380_83db89f57aea498a_MG_L_ML_ANON.dcm,0.9144417643547058
294,removed,removed,R,MLO,200901,24065407,2,4c,24065407_83db89f57aea498a_MG_R_ML_ANON.dcm,0.9491478800773621
295,removed,removed,L,CC,200901,24065434,2,2,24065434_83db89f57aea498a_MG_L_CC_ANON.dcm,0.946405827999115
296,removed,removed,R,CC,200901,24065461,2,4c,24065461_83db89f57aea498a_MG_R_CC_ANON.dcm,0.32301273941993713
297,removed,removed,R,MLO,201001,53581237,2,1,53581237_80123a24997098dc_MG_R_ML_ANON.dcm,0.9943594336509705
298,removed,removed,R,CC,201001,53581264,2,1,53581264_80123a24997098dc_MG_R_CC_ANON.dcm,0.9911920428276062
299,removed,removed,R,CC,201001,22670094,1,6,22670094_e1f51192f7bf3f5f_MG_R_CC_ANON.dcm,0.06089310720562935
300,removed,removed,L,CC,201001,22670124,1,2,22670124_e1f51192f7bf3f5f_MG_L_CC_ANON.dcm,0.884111762046814
301,removed,removed,R,MLO,201001,22670147,1,6,22670147_e1f51192f7bf3f5f_MG_R_ML_ANON.dcm,0.04711870104074478
302,removed,removed,L,MLO,201001,22670177,1,2,22670177_e1f51192f7bf3f5f_MG_L_ML_ANON.dcm,0.9355567693710327
303,removed,removed,L,MLO,201001,50993616,2,2,50993616_b03f1dd34eb3c55f_MG_L_ML_ANON.dcm,0.9434388279914856
304,removed,removed,L,CC,201001,50993643,2,2,50993643_b03f1dd34eb3c55f_MG_L_CC_ANON.dcm,0.951955258846283
305,removed,removed,L,MLO,200802,50993670,2,2,50993670_b03f1dd34eb3c55f_MG_L_ML_ANON.dcm,0.9362149834632874
306,removed,removed,L,CC,200802,50993697,2,2,50993697_b03f1dd34eb3c55f_MG_L_CC_ANON.dcm,0.921923041343689
307,removed,removed,R,CC,200901,20587148,2,2,20587148_fd746d25eb40b3dc_MG_R_CC_ANON.dcm,0.9722352623939514
308,removed,removed,L,CC,200901,20587174,2,2,20587174_fd746d25eb40b3dc_MG_L_CC_ANON.dcm,0.9535723924636841
309,removed,removed,R,MLO,200901,20587200,2,2,20587200_fd746d25eb40b3dc_MG_R_ML_ANON.dcm,0.9773778319358826
310,removed,removed,L,MLO,200901,20587226,2,2,20587226_fd746d25eb40b3dc_MG_L_ML_ANON.dcm,0.9659065008163452
311,removed,removed,R,CC,200902,22580492,3,2,22580492_2a5b932da4ce5ca1_MG_R_CC_ANON.dcm,0.9936758875846863
312,removed,removed,L,CC,200902,22580520,3,5,22580520_2a5b932da4ce5ca1_MG_L_CC_ANON.dcm,0.9599438905715942
313,removed,removed,R,MLO,200902,22580548,3,2,22580548_2a5b932da4ce5ca1_MG_R_ML_ANON.dcm,0.9921203851699829
314,removed,removed,L,MLO,200902,22580576,3,5,22580576_2a5b932da4ce5ca1_MG_L_ML_ANON.dcm,0.9385538101196289
315,removed,removed,R,CC,201001,22579847,3,2,22579847_301f1776aebbf5d2_MG_R_CC_ANON.dcm,0.9868261218070984
316,removed,removed,L,CC,201001,22579870,3,4c,22579870_301f1776aebbf5d2_MG_L_CC_ANON.dcm,1.3000531318141384e-08
317,removed,removed,R,MLO,201001,22579893,3,2,22579893_301f1776aebbf5d2_MG_R_ML_ANON.dcm,0.9858952164649963
318,removed,removed,L,MLO,201001,22579916,3,4c,22579916_301f1776aebbf5d2_MG_L_ML_ANON.dcm,0.0011266302317380905
319,removed,removed,L,MLO,201001,53582656,2,5,53582656_465aa5ec1b59efc6_MG_L_ML_ANON.dcm,0.01302679069340229
320,removed,removed,L,CC,201001,53582683,2,5,53582683_465aa5ec1b59efc6_MG_L_CC_ANON.dcm,0.00695804413408041
321,removed,removed,R,MLO,200901,53582710,2,2,53582710_465aa5ec1b59efc6_MG_R_ML_ANON.dcm,0.9804508686065674
322,removed,removed,L,MLO,200901,53582737,2,2,53582737_465aa5ec1b59efc6_MG_L_ML_ANON.dcm,0.9646978974342346
323,removed,removed,R,MLO,200901,53582764,2,2,53582764_465aa5ec1b59efc6_MG_R_ML_ANON.dcm,0.9804570078849792
324,removed,removed,L,CC,200901,53582791,2,2,53582791_465aa5ec1b59efc6_MG_L_CC_ANON.dcm,0.8788904547691345
325,removed,removed,R,CC,200901,53582818,2,2,53582818_465aa5ec1b59efc6_MG_R_CC_ANON.dcm,0.9967553019523621
326,removed,removed,L,CC,201001,22670978,4,4b,22670978_f571fd4e63c718e3_MG_L_CC_ANON.dcm,1.2466026419133414e-05
327,removed,removed,L,MLO,201001,22671003,4,4b,22671003_f571fd4e63c718e3_MG_L_ML_ANON.dcm,0.10345613956451416
328,removed,removed,R,MLO,201001,53582304,2,1,53582304_8913a7e0cf3bd74e_MG_R_ML_ANON.dcm,0.9904997944831848
329,removed,removed,R,CC,201001,53582331,2,1,53582331_8913a7e0cf3bd74e_MG_R_CC_ANON.dcm,0.996364176273346
330,removed,removed,R,CC,200902,20586908,2,2,20586908_6c613a14b80a8591_MG_R_CC_ANON.dcm,0.9706059098243713
331,removed,removed,L,CC,200902,20586934,2,5,20586934_6c613a14b80a8591_MG_L_CC_ANON.dcm,3.2247862713497e-10
332,removed,removed,L,MLO,200902,20586986,2,5,20586986_6c613a14b80a8591_MG_L_ML_ANON.dcm,0.004400002304464579
333,removed,removed,R,MLO,200902,20586960,2,2,20586960_6c613a14b80a8591_MG_R_ML_ANON.dcm,0.9561865329742432
334,removed,removed,R,CC,201001,53587663,1,2,,
335,removed,removed,L,MLO,201001,53587690,1,1,,
336,removed,removed,R,MLO,201001,53587717,1,2,,
337,removed,removed,L,CC,201001,53587744,1,1,,
338,removed,removed,R,MLO,201001,50998981,2,5,50998981_a78eba834ef6ee88_MG_R_ML_ANON.dcm,0.005136403255164623
339,removed,removed,R,CC,201001,50999008,2,5,50999008_a78eba834ef6ee88_MG_R_CC_ANON.dcm,1.4456142707786057e-05
340,removed,removed,L,MLO,201001,53586869,1,2,53586869_6ac23356b912ee9b_MG_L_ML_ANON.dcm,0.9836681485176086
341,removed,removed,L,CC,201001,53586896,1,2,53586896_6ac23356b912ee9b_MG_L_CC_ANON.dcm,0.8903560638427734
342,removed,removed,L,MLO,200901,24054997,2,1,24054997_2f1104b3cda7f145_MG_L_ML_ANON.dcm,0.9522749185562134
343,removed,removed,R,MLO,200901,24055024,2,2,24055024_2f1104b3cda7f145_MG_R_ML_ANON.dcm,0.9828146696090698
344,removed,removed,L,CC,200901,24055051,2,1,24055051_2f1104b3cda7f145_MG_L_CC_ANON.dcm,0.9404388070106506
345,removed,removed,R,CC,200901,24055078,2,2,24055078_2f1104b3cda7f145_MG_R_CC_ANON.dcm,0.9821922183036804
346,removed,removed,R,CC,200902,20587054,2,4c,20587054_b6a4f750c6df4f90_MG_R_CC_ANON.dcm,0.0018284841207787395
347,removed,removed,R,MLO,200902,20587080,2,4c,20587080_b6a4f750c6df4f90_MG_R_ML_ANON.dcm,0.00428706593811512
348,removed,removed,L,MLO,200801,24065251,2,5,24065251_c4b995eddb3c510c_MG_L_ML_ANON.dcm,0.0013469099067151546
349,removed,removed,R,MLO,200801,24065270,2,1,24065270_c4b995eddb3c510c_MG_R_ML_ANON.dcm,0.9793437719345093
350,removed,removed,L,CC,200801,24065289,2,5,24065289_c4b995eddb3c510c_MG_L_CC_ANON.dcm,2.63196710648117e-07
351,removed,removed,R,CC,200801,24065308,2,1,24065308_c4b995eddb3c510c_MG_R_CC_ANON.dcm,0.944922149181366
352,removed,removed,R,MLO,201001,50998322,1,1,50998322_1e4b534393d18753_MG_R_ML_ANON.dcm,0.9880123138427734
353,removed,removed,R,CC,201001,50998349,1,1,50998349_1e4b534393d18753_MG_R_CC_ANON.dcm,0.9944272041320801
354,removed,removed,L,MLO,201001,50996325,1,1,50996325_6aba0b402889a16f_MG_L_ML_ANON.dcm,0.946217954158783
355,removed,removed,R,MLO,201001,50996352,1,4c,50996352_6aba0b402889a16f_MG_R_ML_ANON.dcm,0.09491465240716934
356,removed,removed,L,CC,201001,50996379,1,1,50996379_6aba0b402889a16f_MG_L_CC_ANON.dcm,0.9545754790306091
357,removed,removed,R,CC,201001,50996406,1,4c,50996406_6aba0b402889a16f_MG_R_CC_ANON.dcm,0.28017112612724304
358,removed,removed,L,MLO,201001,50997597,1,2,50997597_67cc8c9939d74a9a_MG_L_ML_ANON.dcm,0.9428096413612366
359,removed,removed,R,MLO,201001,50997624,1,2,50997624_67cc8c9939d74a9a_MG_R_ML_ANON.dcm,0.9564580917358398
360,removed,removed,L,CC,201001,50997651,1,2,50997651_67cc8c9939d74a9a_MG_L_CC_ANON.dcm,0.967976450920105
361,removed,removed,R,CC,201001,50997678,1,2,50997678_67cc8c9939d74a9a_MG_R_CC_ANON.dcm,0.9812939763069153
362,removed,removed,L,MLO,200902,50995872,1,1,50995872_c94d8a1ebd452afe_MG_L_ML_ANON.dcm,0.9681194424629211
363,removed,removed,L,CC,200902,50995899,1,1,50995899_c94d8a1ebd452afe_MG_L_CC_ANON.dcm,0.953965425491333
364,removed,removed,R,CC,201001,22580654,1,5,22580654_fe7d005dcbbfb46d_MG_R_CC_ANON.dcm,0.421816885471344
365,removed,removed,L,CC,201001,22580680,1,2,22580680_fe7d005dcbbfb46d_MG_L_CC_ANON.dcm,0.9500293135643005
366,removed,removed,R,MLO,201001,22580706,1,5,22580706_fe7d005dcbbfb46d_MG_R_ML_ANON.dcm,0.9103116393089294
367,removed,removed,L,MLO,201001,22580732,1,2,22580732_fe7d005dcbbfb46d_MG_L_ML_ANON.dcm,0.9669848680496216
368,removed,removed,L,MLO,200902,50995963,1,2,50995963_d742ec2f9b90aa62_MG_L_ML_ANON.dcm,0.9670109152793884
369,removed,removed,L,CC,200902,50995990,1,2,50995990_d742ec2f9b90aa62_MG_L_CC_ANON.dcm,0.9545573592185974
370,removed,removed,R,MLO,200901,20588654,1,2,20588654_036aff49b8ac84f0_MG_R_ML_ANON.dcm,0.9702146649360657
371,removed,removed,L,MLO,200901,20588680,1,3,20588680_036aff49b8ac84f0_MG_L_ML_ANON.dcm,0.9398464560508728
372,removed,removed,L,MLO,200902,50994110,3,2,50994110_cc9e66c5b31baab8_MG_L_ML_ANON.dcm,0.9528189897537231
373,removed,removed,R,MLO,200902,50994137,3,1,50994137_cc9e66c5b31baab8_MG_R_ML_ANON.dcm,0.9448745846748352
374,removed,removed,L,CC,200902,50994164,3,2,50994164_cc9e66c5b31baab8_MG_L_CC_ANON.dcm,0.9365072250366211
375,removed,removed,R,CC,200902,50994191,3,1,50994191_cc9e66c5b31baab8_MG_R_CC_ANON.dcm,0.9687161445617676
376,removed,removed,R,CC,200901,50994273,3,4a,50994273_cc9e66c5b31baab8_MG_R_CC_ANON.dcm,0.9620466232299805
377,removed,removed,R,FB,200901,50994300,3,2,50994300_cc9e66c5b31baab8_MG_R_FB_ANON.dcm,0.9928903579711914
378,removed,removed,L,MLO,200901,50994327,3,2,50994327_cc9e66c5b31baab8_MG_L_ML_ANON.dcm,0.9555554389953613
379,removed,removed,R,MLO,200901,50994354,3,4a,50994354_cc9e66c5b31baab8_MG_R_ML_ANON.dcm,0.9100058078765869
380,removed,removed,L,CC,200901,50994381,3,2,50994381_cc9e66c5b31baab8_MG_L_CC_ANON.dcm,0.9303885102272034
381,removed,removed,R,CC,200901,50994408,3,2,50994408_cc9e66c5b31baab8_MG_R_CC_ANON.dcm,0.9845582842826843
382,removed,removed,L,MLO,201001,53581124,3,1,53581124_3be876aecfaad4ca_MG_L_ML_ANON.dcm,0.9580898880958557
383,removed,removed,L,CC,201001,53581151,3,1,53581151_3be876aecfaad4ca_MG_L_CC_ANON.dcm,0.9206397533416748
384,removed,removed,R,CC,200902,20587902,4,3,20587902_8dbbd4e51f549ff0_MG_R_CC_ANON.dcm,0.9858350157737732
385,removed,removed,R,MLO,200902,20587928,4,3,20587928_8dbbd4e51f549ff0_MG_R_ML_ANON.dcm,0.9846194386482239
386,removed,removed,L,MLO,201001,53580979,2,1,53580979_4c341dad22471922_MG_L_ML_ANON.dcm,0.9695844650268555
387,removed,removed,R,MLO,201001,53581006,2,1,53581006_4c341dad22471922_MG_R_ML_ANON.dcm,0.9877047538757324
388,removed,removed,L,CC,201001,53581033,2,1,53581033_4c341dad22471922_MG_L_CC_ANON.dcm,0.9670089483261108
389,removed,removed,R,CC,201001,53581060,2,1,53581060_4c341dad22471922_MG_R_CC_ANON.dcm,0.991587221622467
390,removed,removed,L,MLO,201001,50998580,2,2,50998580_cd12bc20b3d27d0b_MG_L_ML_ANON.dcm,0.9577293992042542
391,removed,removed,R,MLO,201001,50998607,2,1,50998607_cd12bc20b3d27d0b_MG_R_ML_ANON.dcm,0.9874864816665649
392,removed,removed,L,CC,201001,50998634,2,2,50998634_cd12bc20b3d27d0b_MG_L_CC_ANON.dcm,0.9480598568916321
393,removed,removed,R,CC,201001,50998661,2,1,50998661_cd12bc20b3d27d0b_MG_R_CC_ANON.dcm,0.9871755242347717
394,removed,removed,R,CC,201001,22678449,1,2,22678449_60995d51033e24b8_MG_R_CC_ANON.dcm,0.9951776266098022
395,removed,removed,L,CC,201001,22678472,1,2,22678472_60995d51033e24b8_MG_L_CC_ANON.dcm,0.9653714895248413
396,removed,removed,R,MLO,201001,22678495,1,2,22678495_60995d51033e24b8_MG_R_ML_ANON.dcm,0.9944730401039124
397,removed,removed,L,MLO,201001,22678518,1,2,22678518_60995d51033e24b8_MG_L_ML_ANON.dcm,0.9801535606384277
398,removed,removed,R,CC,201001,22580015,2,2,22580015_6200187f3f1ccc18_MG_R_CC_ANON.dcm,0.9804674386978149
399,removed,removed,L,CC,201001,22580038,2,5,22580038_6200187f3f1ccc18_MG_L_CC_ANON.dcm,0.02405470609664917
400,removed,removed,R,MLO,201001,22580068,2,2,22580068_6200187f3f1ccc18_MG_R_ML_ANON.dcm,0.9745694994926453
401,removed,removed,L,MLO,201001,22580098,2,5,22580098_6200187f3f1ccc18_MG_L_ML_ANON.dcm,0.7395411729812622
402,removed,removed,R,CC,201001,22613770,2,5,22613770_45c7f44839fd9e68_MG_R_CC_ANON.dcm,5.210918363474093e-09
403,removed,removed,L,CC,201001,22613796,2,2,22613796_45c7f44839fd9e68_MG_L_CC_ANON.dcm,0.9370431303977966
404,removed,removed,R,MLO,201001,22613822,2,5,22613822_45c7f44839fd9e68_MG_R_ML_ANON.dcm,1.6352920753637257e-11
405,removed,removed,L,MLO,201001,22613848,2,1,22613848_45c7f44839fd9e68_MG_L_ML_ANON.dcm,0.9414048194885254
406,removed,removed,L,MLO,200802,24055725,4,2,24055725_f0f1a133837b5137_MG_L_ML_ANON.dcm,0.11076376587152481
407,removed,removed,R,MLO,200802,24055752,4,2,24055752_f0f1a133837b5137_MG_R_ML_ANON.dcm,0.9626137614250183
408,removed,removed,L,CC,200802,24055779,4,2,24055779_f0f1a133837b5137_MG_L_CC_ANON.dcm,0.9634191393852234
409,removed,removed,R,CC,200802,24055806,4,2,24055806_f0f1a133837b5137_MG_R_CC_ANON.dcm,0.9857853055000305
